{"x": [55.53720239865492, 38.798564450121766], "fun": 0.6453764429169901}