{"x": [0.912395205410457, 0.9859644451614091, 83.16492789356859], "fun": 0.6468513644227567}