{"x": [57.430077307287604, 38.22642860070694], "fun": 0.5893053950899176}