{
  "min": {
    "score": 0.7511550368053618
  },
  "max": {
    "score": 0.5198623201889894
  },
  "mean": {
    "score": 0.6324555320336759
  },
  "voting": {
    "score": 0.7977963056496117

  }
}