{
  "(tp/(tp+fp))*math.sqrt(tp/(tp+fn))": {
    "score": 0.8250461684230399,
    "tn": 97702,
    "fp": 762,
    "fn": 1376,
    "tp": 7029
  },
  "(tp/(tp+fp))*math.pow(tp/(tp+fn),1/3)": {
    "score": 0.8495622627003891,
    "tn": 97689,
    "fp": 762,
    "fn": 1389,
    "tp": 7029
  },
  "(tp/(tp+fp))*math.pow(tp/(tp+fn),1/4)": {
    "score": 0.8627379325033966,
    "tn": 97186,
    "fp": 662,
    "fn": 1892,
    "tp": 7129
  },
  "(tp/(tp+fp))*math.pow(tp/(tp+fn),1/5)": {
    "score": 0.8736919759725221,
    "tn": 95561,
    "fp": 431,
    "fn": 3517,
    "tp": 7360
  }
}