{
  "LapSRN_x2": {
    "data": {
      "1_rafael_r_4_1642091927.png": 2.7282955646514893,
      "3_mota_r_3_1642094108.png": 2.8405303955078125,
      "8_rafael_r_2_1642091442.png": 2.8621678352355957,
      "10_rafael_r_4_1642091927.png": 2.9250571727752686,
      "6_rafael_r_4_1642091927.png": 2.9343063831329346,
      "4_mota_r_3_1642094108.png": 2.95660138130188,
      "9_rafael_r_3_1642091708.png": 2.964670181274414,
      "4_rafael_l_2_1642092246.png": 2.970264434814453
    },
    "total": 23.181893348693848
  },
  "ESPCN_x2": {
    "data": {
      "4_mota_r_3_1642094108.png": 0.12838339805603027,
      "3_mota_r_3_1642094108.png": 0.08148646354675293,
      "8_rafael_r_2_1642091442.png": 0.07563138008117676,
      "10_rafael_r_4_1642091927.png": 0.20866823196411133,
      "4_rafael_l_2_1642092246.png": 0.208998441696167,
      "9_rafael_r_3_1642091708.png": 0.2388906478881836,
      "6_rafael_r_4_1642091927.png": 0.25594139099121094,
      "1_rafael_r_4_1642091927.png": 0.2522432804107666
    },
    "total": 1.4502432346343994
  },
  "FSRCNN_x2": {
    "data": {
      "4_mota_r_3_1642094108.png": 0.26767802238464355,
      "3_mota_r_3_1642094108.png": 0.4570765495300293,
      "8_rafael_r_2_1642091442.png": 0.53951096534729,
      "9_rafael_r_3_1642091708.png": 0.4536864757537842,
      "10_rafael_r_4_1642091927.png": 0.5343971252441406,
      "6_rafael_r_4_1642091927.png": 0.47333574295043945,
      "4_rafael_l_2_1642092246.png": 0.4755837917327881,
      "1_rafael_r_4_1642091927.png": 0.48436927795410156
    },
    "total": 3.685637950897217
  }
}