{
  "EDSR_x2": {
    "data": {
      "4_mota_r_4_1642094324.png": 302.232257604599,
      "5_mota_r_3_1642094108.png": 305.21414589881897,
      "8_mota_r_3_1642094108.png": 306.34617710113525,
      "3_rafael_r_3_1642091708.png": 307.02790784835815,
      "4_mota_r_3_1642094108.png": 309.81518149375916,
      "7_mota_r_4_1642094324.png": 311.48316764831543,
      "2_rafael_r_3_1642091708.png": 311.50584292411804,
      "6_rafael_l_2_1642092246.png": 316.5955250263214,
      "10_mota_r_4_1642094324.png": 301.1411306858063,
      "4_rafael_r_3_1642091708.png": 304.78438806533813,
      "9_rafael_r_2_1642091442.png": 308.3222670555115,
      "3_mota_r_2_1642093922.png": 310.4318423271179,
      "3_mota_r_3_1642094108.png": 313.9207043647766,
      "9_mota_r_2_1642093922.png": 314.27245926856995,
      "3_rafael_r_2_1642091442.png": 316.2140669822693,
      "2_mota_r_4_1642094324.png": 319.96741461753845,
      "1_mota_r_4_1642094324.png": 302.02719473838806,
      "1_mota_r_2_1642093922.png": 304.3700141906738,
      "9_rafael_r_4_1642091927.png": 304.9880340099335,
      "6_rafael_r_3_1642091708.png": 309.25990653038025,
      "8_rafael_r_2_1642091442.png": 309.75783109664917,
      "2_rafael_r_4_1642091927.png": 312.2691707611084,
      "8_rafael_r_4_1642091927.png": 313.59316062927246,
      "10_rafael_r_2_1642091442.png": 314.55931520462036,
      "6_mota_r_2_1642093922.png": 302.1981728076935,
      "7_rafael_l_2_1642092246.png": 305.5416462421417,
      "1_rafael_r_3_1642091708.png": 307.21824765205383,
      "1_mota_r_3_1642094108.png": 308.3609380722046,
      "10_rafael_r_4_1642091927.png": 310.28758335113525,
      "3_rafael_r_4_1642091927.png": 314.57773518562317,
      "6_mota_r_4_1642094324.png": 316.2778012752533,
      "8_mota_r_4_1642094324.png": 317.5707371234894,
      "7_mota_r_2_1642093922.png": 300.4887158870697,
      "1_rafael_l_2_1642092246.png": 304.26837277412415,
      "8_mota_r_2_1642093922.png": 304.4148910045624,
      "9_mota_r_3_1642094108.png": 305.83537769317627,
      "9_rafael_r_3_1642091708.png": 308.8848330974579,
      "4_rafael_r_4_1642091927.png": 313.77009439468384,
      "10_mota_r_3_1642094108.png": 314.8069438934326,
      "5_rafael_r_2_1642091442.png": 319.06898975372314,
      "10_rafael_l_2_1642092246.png": 299.2808117866516,
      "9_rafael_l_2_1642092246.png": 304.29500675201416,
      "7_rafael_r_2_1642091442.png": 305.1713671684265,
      "1_rafael_r_2_1642091442.png": 308.2211449146271,
      "6_rafael_r_4_1642091927.png": 311.4017434120178,
      "7_rafael_r_3_1642091708.png": 312.47127866744995,
      "9_mota_r_4_1642094324.png": 313.8214912414551,
      "7_rafael_r_4_1642091927.png": 317.1153416633606,
      "4_mota_r_2_1642093922.png": 301.8659818172455,
      "6_mota_r_3_1642094108.png": 305.47481775283813,
      "5_rafael_r_4_1642091927.png": 305.9846818447113,
      "2_rafael_r_2_1642091442.png": 307.6698668003082,
      "4_rafael_l_2_1642092246.png": 311.3057780265808,
      "5_rafael_l_2_1642092246.png": 311.964821100235,
      "3_mota_r_4_1642094324.png": 312.6734619140625,
      "10_mota_r_2_1642093922.png": 314.08117389678955,
      "5_mota_r_2_1642093922.png": 301.69885540008545,
      "5_rafael_r_3_1642091708.png": 304.16461658477783,
      "4_rafael_r_2_1642091442.png": 308.40139269828796,
      "10_rafael_r_3_1642091708.png": 307.72399973869324,
      "1_rafael_r_4_1642091927.png": 309.53265404701233,
      "8_rafael_l_2_1642092246.png": 310.0375921726227,
      "2_rafael_l_2_1642092246.png": 308.3795893192291,
      "8_rafael_r_3_1642091708.png": 314.47487211227417,
      "5_mota_r_4_1642094324.png": 286.5395851135254,
      "7_mota_r_3_1642094108.png": 278.9142997264862,
      "6_rafael_r_2_1642091442.png": 267.35605216026306,
      "3_rafael_l_2_1642092246.png": 254.83510160446167,
      "2_mota_r_3_1642094108.png": 243.46613931655884,
      "2_mota_r_2_1642093922.png": 215.0037682056427
    },
    "total": 21336.9974732399
  },
  "LapSRN_x2": {
    "data": {
      "4_mota_r_3_1642094108.png": 4.540412187576294,
      "3_mota_r_3_1642094108.png": 4.655663251876831,
      "8_rafael_r_2_1642091442.png": 4.684109449386597,
      "10_rafael_r_4_1642091927.png": 4.511689186096191,
      "9_rafael_r_3_1642091708.png": 4.5030739307403564,
      "6_rafael_r_4_1642091927.png": 4.6696367263793945,
      "4_rafael_l_2_1642092246.png": 4.4730544090271,
      "1_rafael_r_4_1642091927.png": 4.940980911254883,
      "3_rafael_l_2_1642092246.png": 4.670366048812866,
      "5_mota_r_3_1642094108.png": 4.666642904281616,
      "4_rafael_r_3_1642091708.png": 4.351360559463501,
      "1_mota_r_2_1642093922.png": 4.445339679718018,
      "3_rafael_r_3_1642091708.png": 4.636828660964966,
      "7_rafael_l_2_1642092246.png": 5.25745153427124,
      "3_mota_r_2_1642093922.png": 4.921541690826416,
      "1_rafael_l_2_1642092246.png": 4.680871486663818,
      "6_rafael_r_3_1642091708.png": 4.599128723144531,
      "9_rafael_l_2_1642092246.png": 4.495307207107544,
      "1_mota_r_3_1642094108.png": 4.723239183425903,
      "6_mota_r_3_1642094108.png": 4.600714445114136,
      "9_mota_r_3_1642094108.png": 4.793084383010864,
      "5_rafael_r_3_1642091708.png": 4.625838756561279,
      "1_rafael_r_2_1642091442.png": 4.708703279495239,
      "7_mota_r_3_1642094108.png": 4.745392084121704,
      "2_rafael_r_2_1642091442.png": 4.864341974258423,
      "7_mota_r_4_1642094324.png": 4.870181322097778,
      "10_rafael_r_3_1642091708.png": 4.545133113861084,
      "9_mota_r_2_1642093922.png": 4.62185263633728,
      "6_rafael_r_2_1642091442.png": 4.75580358505249,
      "2_rafael_r_4_1642091927.png": 4.5912487506866455,
      "6_rafael_l_2_1642092246.png": 4.455308198928833,
      "3_rafael_r_4_1642091927.png": 4.617906808853149,
      "2_mota_r_4_1642094324.png": 4.5294530391693115,
      "4_rafael_r_4_1642091927.png": 4.947112321853638,
      "10_rafael_r_2_1642091442.png": 4.7098228931427,
      "7_rafael_r_3_1642091708.png": 5.02879786491394,
      "8_mota_r_4_1642094324.png": 4.788479566574097,
      "5_rafael_l_2_1642092246.png": 4.680059194564819,
      "5_rafael_r_2_1642091442.png": 4.895794630050659,
      "8_rafael_l_2_1642092246.png": 4.4586052894592285,
      "7_rafael_r_4_1642091927.png": 4.6051836013793945,
      "2_mota_r_3_1642094108.png": 4.6555070877075195,
      "10_mota_r_2_1642093922.png": 4.668034315109253,
      "4_mota_r_4_1642094324.png": 4.445720434188843,
      "8_rafael_r_3_1642091708.png": 4.458978652954102,
      "10_mota_r_4_1642094324.png": 4.637505054473877,
      "2_mota_r_2_1642093922.png": 4.796278238296509,
      "1_mota_r_4_1642094324.png": 4.281653881072998,
      "2_rafael_r_3_1642091708.png": 4.851164817810059,
      "6_mota_r_2_1642093922.png": 4.7260308265686035,
      "3_rafael_r_2_1642091442.png": 4.683346509933472,
      "7_mota_r_2_1642093922.png": 4.530853986740112,
      "8_rafael_r_4_1642091927.png": 4.705864667892456,
      "10_rafael_l_2_1642092246.png": 4.525298595428467,
      "6_mota_r_4_1642094324.png": 4.707018852233887,
      "4_mota_r_2_1642093922.png": 4.605614185333252,
      "10_mota_r_3_1642094108.png": 4.452961444854736,
      "5_mota_r_2_1642093922.png": 4.654629945755005,
      "9_mota_r_4_1642094324.png": 4.848515033721924,
      "5_mota_r_4_1642094324.png": 4.622611999511719,
      "3_mota_r_4_1642094324.png": 4.442018270492554,
      "8_mota_r_3_1642094108.png": 4.615482807159424,
      "2_rafael_l_2_1642092246.png": 4.4582812786102295,
      "9_rafael_r_2_1642091442.png": 4.583362340927124,
      "9_rafael_r_4_1642091927.png": 4.378845930099487,
      "1_rafael_r_3_1642091708.png": 4.309136390686035,
      "8_mota_r_2_1642093922.png": 4.4007697105407715,
      "7_rafael_r_2_1642091442.png": 4.341494798660278,
      "5_rafael_r_4_1642091927.png": 4.344285726547241,
      "4_rafael_r_2_1642091442.png": 4.3613409996032715
    },
    "total": 323.95812225341797
  },
  "ESPCN_x2": {
    "data": {
      "4_mota_r_3_1642094108.png": 0.37868428230285645,