{
  "EDSR_x2": {
    "total": 0.5549202716936082
  },
  "LapSRN_x2": {
    "total": 0.6312731824684065
  },
  "ESPCN_x2": {
    "total": 0.5831937636362529
  },
  "FSRCNN_x2": {
    "total": 0.4745308878166557
  },
  "normal":{
    "total": 0.7436434864373082

  }
}