{"x": [67.24972065208289, 49.34168472473731, 9.62568207585217], "fun": 0.24884496319463822}