{"x": [42.88438599654192, 57.48772509466821, 10.487017940577774], "fun": 0.44507972830639175}