{"x": [75.01586567594754, 55.47803773387543, 1.34491843591168], "fun": 0.48013767981101063}