{"x": [67.4959555043655, 49.22999228276895, 9.966601139998097], "fun": 0.2526196116207958}