{"x": [88.98008089800909, 59.74946839329169, 10.933998306829995], "fun": 0.3675444679663241}