{
  "x": [
    80.0402578479092,
    55.116784143566555,
    9.529562550267062,
    2.9884141044071217,
    1.3234888443650243
  ],
  "fun": 0.20220369435038832
}