{
  "x": [
    24.907540584971162,
    99.74889197435546,
    10.907939220167918,
    2.076547712507865,
    9.453955352604122
  ],
  "fun": 0.11016949152542377
}