{
   "min": {
      "score": 0.8186958634843409
   },
   "max": {
      "score": 0.6279412831781453
   },
   "mean": {
      "score": 0.8089031420241591
   },
   "voting": {
      "score": 0.8250461684230399
   }
}